0,nx_border
1,nx_cyber
2,nx_example
3,nx_exfil
4,nx_harbor
5,nx_heli_attack
6,nx_hithard
7,nx_hithard_b
8,nx_hospital
9,nx_launch
10,nx_lava
11,nx_lunar
12,nx_norad
13,nx_prep
14,nx_repel
15,nx_rocket
16,nx_skyscraper
17,nx_ss_exfil
18,nx_subpen
19,nx_test_new1_audio
20,nx_ad_deadzone
21,nx_ai_locked
22,nx_ai_locked_lunar
23,nx_ai_shoottest
24,nx_ai_tank
25,nx_alan_latest
26,nx_apm_lunar_test_01
27,nx_apm_test01
28,nx_arcade_proto
29,nx_ascend_test
30,nx_atbr
31,nx_atlantis
32,nx_audio_line
33,nx_audio_test
34,nx_aug_reality_translation
35,nx_au_adsr
36,nx_au_npcfts
37,nx_au_terrain
38,nx_aw_ec_arrive
39,nx_aw_vh_mounts
40,nx_bmarv
41,nx_bmarv_swarm
42,nx_bmcd_rm_test
43,nx_bmcd_test
44,nx_border_bm
45,nx_brad_abg_proto
46,nx_brad_ballistic_defense_proto
47,nx_brad_crush
48,nx_brad_crush_pc
49,nx_brad_hinge
50,nx_brad_platfrm
51,nx_bug_lava_light_tunnel
52,nx_BuildingHit1
53,nx_byeong_test
54,nx_carlo_test
55,nx_car_crash_01
56,nx_chad_test
57,nx_character_test
58,nx_character_test_lunar
59,nx_character_test_mp
60,nx_character_test_pc
61,nx_char_props
62,nx_chopper_hide
63,nx_civis_lunar
64,nx_cliffhanger
65,nx_colin_snipe
66,nx_collapse
67,nx_corey_test
68,nx_corner_lunar
69,nx_corner_test
70,nx_cover_node_test
71,nx_cqb_to_run
72,nx_crawler
73,nx_crawler_test
74,nx_crn_ap_lunar
75,nx_crowd
76,nx_decay_gallery
77,nx_dest_cover
78,nx_dota_proto
79,nx_dynamic_cover
80,nx_ejf_threatid
81,nx_eric_hud_test
82,nx_estate
83,nx_facadefall
84,nx_facialtest
85,nx_favela_takedown_end
86,nx_favela_takedown_end_pc
87,nx_fixed_node
88,nx_flood_secure
89,nx_forestfire
90,nx_future_ads
91,nx_fx_audio_tst
92,nx_fx_hhah
93,nx_fx_lunar
94,nx_fx_react
95,nx_fx_testbed
96,nx_gorlak
97,nx_grenade_lunar
98,nx_gsc_standard
99,nx_gulag_recreate
100,nx_gunrange
101,nx_gunrange_pc
102,nx_helicopter_fire_test
103,nx_helicopter_wash
104,nx_helidrop
105,nx_heli_path
106,nx_hhh_ambush3
107,nx_hhh_bld_04a
108,nx_hhh_build_02
109,nx_hhh_build_04
110,nx_hhh_chutetst
111,nx_hhh_elevator
112,nx_hhh_hanging
113,nx_hhh_motor
114,nx_hhh_skybdg
115,nx_hhh_vp_meet
116,nx_hhh_vp_meet2
117,nx_hh_rappel
118,nx_hithard_mc
119,nx_hospital_hall_test
120,nx_how_to
121,nx_ic_boneyard
122,nx_ies_gallery
123,nx_ies_gallery_a
124,nx_ies_gallery_b
125,nx_invasion
126,nx_invasion_a
127,nx_iss
128,nx_jakartastreet
129,nx_jake_test
130,nx_jake_test_pc
131,nx_jiwon_test
132,nx_john_test
133,nx_jow_collapse
134,nx_jow_juggernaut_reveal
135,nx_jow_ked_test
136,nx_jow_keyed
137,nx_jow_ss_smog
138,nx_jow_toy_destructibles
139,nx_jow_toy_destructibles_pc
140,nx_jr_encounters
141,nx_jr_testmap
142,nx_jr_testmap_pc
143,nx_js_launch_test
144,nx_kenm_test
145,nx_kino
146,nx_km_effects
147,nx_km_test_raid
148,nx_l3_bmcd_l2
149,nx_l3_combat
150,nx_l3_outpost
151,nx_l3_platform
152,nx_l3_speed_earth
153,nx_l3_speed_test
154,nx_l3_train
155,nx_l3_train_animated
156,nx_l3_train_geo
157,nx_l3_train_to_bridge
158,nx_lgt_sandbox
159,nx_lgt_showcase
160,nx_light_sweep
161,nx_lockseekdie
162,nx_lunar_door
163,nx_lunar_end
164,nx_lunar_lt_tst
165,nx_lunar_melee
166,nx_lunar_rover
167,nx_lunar_turret
168,nx_military_ground_vehicles
169,nx_miniuav
170,nx_miniuav_player
171,nx_miniuav_srch
172,nx_moonbase
173,nx_moon_grav
174,nx_moon_sound
175,nx_moon_vh_tst
176,nx_myers_crater
177,nx_myers_drkick
178,nx_myers_subpen
179,nx_myers_test05
180,nx_ocean_water
181,nx_onlyents
182,nx_pedram_rbc
183,nx_pedram_test
184,nx_pen_test_1
185,nx_platform
186,nx_platformer
187,nx_platform_ben
188,nx_props_border
189,nx_props_ec
190,nx_props_exfil
191,nx_proto_alan
192,nx_proto_chase
193,nx_proto_codex
194,nx_proto_start
195,nx_proto_vrgame
196,nx_pro_l3_plat
197,nx_p_traversal
198,nx_rappel
199,nx_remote_debug
200,nx_repel_med
201,nx_re_la_freeway
202,nx_re_noradtest
203,nx_re_test
204,nx_riggs
205,nx_rocketman
206,nx_rocket_aa_turret_test
207,nx_rocket_chopper_crash
208,nx_rocket_jr
209,nx_rocket_launch
210,nx_rocket_nuke
211,nx_rocket_pj
212,nx_rocket_rail_test
213,nx_rocket_viz
214,nx_rope_ascend
215,nx_rope_ascender
216,nx_rope_ascender_pc
217,nx_rovercrash
218,nx_rtc_flybys
219,nx_ryan_test2
220,nx_ryan_test3
221,nx_screen_test
222,nx_sergio_asset
223,nx_sergio_test
224,nx_sg_test
225,nx_shader_test_01
226,nx_skimmer
227,nx_skyscr_lab
228,nx_sky_eye
229,nx_ss
230,nx_ss_lab
231,nx_ss_laser
232,nx_ss_rappel
233,nx_ss_shaft
234,nx_ss_slums
235,nx_ss_uav
236,nx_ss_walkup
237,nx_tank_chassis
238,nx_tank_target
239,nx_teamplayer
240,nx_test_ai_move_anims_lunar
241,nx_test_ai_traverses
242,nx_test_ai_traverses_lunar
243,nx_test_alanf
244,nx_test_allenf
245,nx_test_allenf_favela_escape
246,nx_test_allenf_favela_escape_audio
247,nx_test_allies
248,nx_test_ares
249,nx_test_benk
250,nx_test_blackhawk
251,nx_test_ccamo
252,nx_test_character_anims
253,nx_test_chute
254,nx_test_cugv
255,nx_test_dan
256,nx_test_dan_pc
257,nx_test_daryl
258,nx_test_dayo
259,nx_test_dr_3
260,nx_test_dx11
261,nx_test_ec_skimmer
262,nx_test_escort_ugv_dropoff
263,nx_test_gavin
264,nx_test_helmet
265,nx_test_jb
266,nx_test_jgreenberg
267,nx_test_jku
268,nx_test_jku_pc
269,nx_test_johnw
270,nx_test_johnw2
271,nx_test_jon
272,nx_test_js
273,nx_test_lava_train
274,nx_test_mario
275,nx_test_mario_pc
276,nx_test_melee
277,nx_test_og_01
278,nx_test_og_03
279,nx_test_og_04
280,nx_test_pete
281,nx_test_pete2
282,nx_test_pete3
283,nx_test_player_control_vignette
284,nx_test_rage
285,nx_test_railgun
286,nx_test_rg_tank
287,nx_test_ridgid_simulation
288,nx_test_robm
289,nx_test_rsmith
290,nx_test_sat
291,nx_test_scripted_anims
292,nx_test_solar
293,nx_test_station
294,nx_test_stealth
295,nx_test_subpen
296,nx_test_tomd_new
297,nx_test_tones
298,nx_test_train
299,nx_test_uav_fly
300,nx_test_ugv
301,nx_test_vh_land
302,nx_test_weapon_cody
303,nx_text_spam_test
304,nx_thai_sandbox
305,nx_thermal_footstep_demo
306,nx_time_of_day
307,nx_tiny_graves
308,nx_tj_boneyard
309,nx_tj_boneyard_pc
310,nx_tj_dota_scr
311,nx_towerd
312,nx_tower_test
313,nx_toy_test
314,nx_toy_test_l
315,nx_trchen_test_01
316,nx_trchen_test_01_pc
317,NX_Tunnel_Complex
318,nx_turn_test_lunar
319,nx_twr_collapse
320,nx_tw_halltest
321,nx_tw_skyscrtst
322,nx_tw_test_02
323,nx_tw_test_03
324,nx_uav_cargodrp
325,nx_ugv
326,nx_ugv_interest
327,nx_ugv_lvlchng
328,nx_ugv_pth2pth
329,nx_ugv_terrain
330,nx_vehicle_civ
331,nx_vehicle_test
332,nx_veh_spline
333,nx_vent_breach
334,nx_vh_heli_spotlight
335,nx_vh_jakarta_ai_start
336,nx_vista
337,nx_vtol_miniuav
338,nx_vtol_test
339,nx_xray_test
340,nx_zero_g_fire
341,af_caves
342,af_caves_script_backhalf
343,af_chase
344,airport
345,airport_geo
346,airport_test
347,ambush
348,arcadia
349,arcadia_pc
350,bog_b
351,boneyard
352,boneyard_old
353,bone_test
354,brain_chamber_test
355,bridge
356,char_museum
357,cliffhanger
358,cliffhanger_geo
359,cod4_model_gallery
360,cod4_model_gallery_2
361,contingency
362,co_ac130
363,co_airplane
364,co_armada
365,co_blackout
366,co_break
367,co_crossfire
368,co_hunted
369,co_killhouse
370,co_launchfacility_a
371,co_overgrown
372,co_rescue
373,co_scoutsniper
374,co_strike
375,co_suburban_america
376,co_village
377,crash_plights
378,dc130
379,dcburning
380,dcburning_pc
381,dcemp
382,dc_burning_test
383,dc_hunted
384,dc_tankdrive
385,dc_whitehouse
386,destroyed_city
387,downtown_la
388,downtown_suburbia
389,drydock
390,east_village
391,ending
392,endlog
393,estate
394,fast_food
395,favela
396,favela_escape
397,gas_station
398,gulag
399,hacienda
400,hacienda_geo
401,heli_fly
402,invasion
403,invasion_pc
404,iw4_credits
405,killhouse
406,launchfacility_b
407,moscow_plaza
408,moscow_street
409,moto
410,nyc_a
411,nyc_a_destroyed
412,nyc_townhouses
413,oilrig
414,overwatch
415,pizzeria
416,plaza
417,pmc_crash
418,pmc_crossfire
419,pmc_highrise
420,pmc_strike
421,police_station
422,roadkill
423,roadkill_demo
424,roadkill_pc
425,roadkill_script
426,small_town_usa
427,sniperescape
428,snowbase
429,terminal
430,trainer
431,tulsa
432,viper_gunship
433,whitehouse
434,whitehouse_assault
435,af_chase_test
436,af_end
437,ai_battlechatter
438,ai_cover
439,ai_crawling_death
440,ai_difficulty
441,ai_door
442,ai_in_trigger
443,ai_melee
444,ai_multitarget
445,ai_riotshield
446,ai_saw
447,ai_sniper
448,ai_snowmobile
449,ai_sound
450,ai_squad
451,ai_testbed
452,andreww
453,animated_foliage
454,animated_misc
455,animface
456,animmode
457,apm_halo_test
458,art_lighttest_daylight
459,autoaim
460,avalanche
461,barrelexplode
462,bathroom
463,beretta
464,bigcity
465,bigcity_destroyed
466,bmp_test
467,boattest
468,bridge_collapse
469,bridge_intro_test
470,bridge_parking_garage
471,brushmodel
472,btr80
473,bug_script_brushmodels
474,building1_02
475,building1_test
476,c130_nightrider
477,chaintest
478,character_calibration01
479,character_gallery
480,character_room
481,cityscale
482,civilian_plaza
483,clambert
484,cliffhanger_cliff
485,cliffhanger_shadows
486,cliff_fly
487,climb
488,clip_mud
489,clutter
490,cobrafly
491,cod5_foliage_test
492,coop_slowmo_breach
493,corner_approach_test
494,corner_rpg
495,covercrouchtest
496,cover_left
497,cover_prone
498,cover_right
499,cover_stand
500,co_cobra
501,co_lod_test
502,curb_test
503,curb_test_4way3
504,custom_battlechatter
505,davis_test
506,dcemp_intro_area
507,Deady_bathroom
508,deady_testmap_2
509,deathflag
510,decal_error
511,desert_convoy
512,destroyed_stuff
513,dismember_test
514,dogfight
515,dog_movement
516,dog_survival
517,dog_vs_player
518,downhill
519,drone
520,drone_leak
521,dyntest
522,earl
523,effectsEd_box
524,elev_test
525,empty
526,estate_house_test
527,exploder_prefab
528,exposedmovetest
529,f15
530,favela_escape_roofrun
531,firingrange
532,firingrange_night
533,firingsquad
534,force_mantle
535,foreach
536,franky
537,franky_ai
538,franky_vehicle
539,friendlyfire
540,fx_light
541,fx_visibility
542,gallery_character_models_1
543,gallery_destructibles_1
544,gallery_foliage_non_cod4_1
545,gallery_neon_alphabet_1
546,gallery_neon_alphabet_2
547,gallery_non_cod4_1
548,gallery_non_cod4_2
549,gallery_recent_models_1
550,gallery_signs_1
551,gallery_vehicle_non_cod4_1
552,garage
553,gasstation
554,ghillie_enemies_test
555,glass_shatter_test
556,grass_matted
557,grenade
558,groundref
559,gulag_probes
560,gulag_test
561,hangout
562,healthtest
563,heli_death
564,heli_rail
565,hiding_door
566,highrise_test
567,hummer
568,hummer_turret_test
569,humvee50cal
570,interior_concept
571,invasion_test
572,iss
573,jake
574,jam_collision
575,javelin_test
576,jm_watertest
577,Joes_GasStation
578,john
579,jr_ss_warehouse
580,large_normal_test
581,lbird_turret
582,lbtest
583,light
584,lightedit_test
585,lighting_normal_test
586,lighting_tech_demo
587,linetest
588,linking
589,littlebird_test
590,lunch
591,mantle
592,mig29
593,mig29_destrucitbleTest
594,minigun_spin
595,missiletest
596,missiondialogue_with_flavorburst
597,model_previewer01
598,model_previewer02
599,model_previewer03
600,model_previewer04
601,model_previewer05
602,model_previewer06
603,model_previewer07
604,model_previewer08
605,model_previewer_outsourced
606,model_previewer_paintings
607,model_previewer_pipes
608,model_previewer_pipes_pc
609,model_previewer_snow
610,moderncity
611,mod_gal_riot
612,mod_gal_sniper
613,motorcycle
614,mpvehicles
615,nate_test
616,nedtest
617,newvehicles
618,new_stealth
619,nobloodpool
620,noder_test
621,normalmapped_smoke
622,office_test
623,og_test_02
624,oilrig_fxsort
625,old_grass
626,pain
627,painter_test
628,palm_trees
629,path
630,pavelow
631,penetration
632,physics_destructible
633,pilotcobra_day
634,pilotcobra_night
635,pipes
636,playfx
637,playground
638,plaza_lighting
639,portal_test02
640,prefab_exploder
641,prefab_render
642,primary_move
643,propanetank_test
644,rad_test
645,ragdoll_death
646,raymetest
647,restaurant
648,reverb
649,revtest
650,richardb
651,roadkill_concept
652,robot_test
653,roger_test
654,rulon_test
655,rulon_test_pc
656,satlid
657,sensor_fuzed_weapon_test
658,sentry
659,shadowco_bcs
660,skylight
661,skyscraper_rooftops
662,slowmo_breach
663,snowmobile
664,snowmobile_test
665,spotlight_test
666,ss_test
667,ss_test_cover
668,stage_lighting
669,stairs
670,stryker
671,swinglight
672,tankdrive_test
673,target_set
674,telefrag
675,testbox_todds
676,test_antonov
677,test_btr80
678,test_chamber
679,test_contingency
680,test_f15
681,test_firetruck
682,test_invasion
683,test_joe
684,test_nodeplace_pc
685,test_oldcity
686,test_sami
687,test_sebby
688,test_sebby_pc
689,test_simon
690,test_sub_interior
691,test_turotial1
692,test_turret
693,test_uaz
694,toy_destructible_vehicles
695,toy_test
696,toy_test_dlc1
697,traffic_signs
698,traversetestcod4
699,traversetestcod4dog
700,tv_corner
701,tw_test_01
702,uaz_destructible
703,vehicle
704,vehicledamage
705,vehicle_ai
706,vehicle_minigun
707,vehicle_node_trigger
708,vehicle_notify
709,vehicle_physics
710,vehicle_reverse
711,vehicle_track
712,viewmodel_change
713,voltest
714,weapon_impact_test
715,weapon_pickup_test
716,wounded_carry
717,zied_test
718,zodiactest
719,z_test_brad_artillery_example
720,z_test_brad_dof_example
721,z_test_brad_slide_example
722,z_test_brad_slowmo2_example
723,z_test_brad_squib_example
724,z_test_brad_trigger_example
725,z_test_brad_turret_example
